Service , Message , Max , Min , Average , Count , frequency , TimedOut

Stream,setLogBits,7.0168,3.0012,5.009,2,0
Tool,setupTool,800.32,6,1.07488558209992,19,0
Tool,getContext,4.0004,1,0.0533888312350269,38,0
Tool,connect,712.2848,7.0028,0.55727431515313,19,0
Tool,setProperties,238.0952,12.0012,0.993724479801961,19,0
Device,getContext,2.0008,1,0.111488491483663,19,0
Processes,launch,709.1418,668,37.7474070290076,19,0
Tool,tearDownTool,1109.1109,82,58.0953098069158,19,0
