Service , Message , Max , Min , Average , Count , frequency , TimedOut

Stream,setLogBits,8,2,5,2,0
Tool,setupTool,27,5,0.590824049037252,31,0
Tool,getContext,6,1,0.0328024100790871,62,0
Tool,connect,1594,7,0.300440697486524,31,0
Tool,setProperties,34,12,0.629696780459304,31,0
Device,getContext,3.0006,1,0.0677953305204087,31,0
Processes,launch,741,8,23.9208149202845,31,0
Tool,tearDownTool,1108,85,35.1263966018942,31,0
Tool,getTargetVoltage,3,2,2.5,2,0
