Service , Message , Max , Min , Average , Count , frequency , TimedOut

Stream,setLogBits,37.0111,8,22.50555,2,0
Tool,setupTool,807.2421,4.0004,0.725126155753968,8,0
Tool,getContext,2.0006,1.0001,0.129824701411099,16,0
Tool,connect,708.2124,8.0008,1.56672767857143,8,0
Tool,setProperties,359.1077,12.0012,1.79586595734127,8,0
Device,getContext,2.0006,1.0001,0.168196396329365,8,0
Processes,launch,705.2115,92.0276,100.961115920139,8,0
Tool,getTargetVoltage,3.0009,3.0009,3.0009,1,0
Tool,tearDownTool,127.0381,84.0084,13.9255006547619,8,0
