Service , Message , Max , Min , Average , Count , frequency , TimedOut

Stream,setLogBits,5.9466,1.9936,3.9701,2,0
Tool,setupTool,428.624,3.9996,0.11987490143923,76,0
Tool,getContext,15,0.9996,0.0132482651342133,152,0
Tool,connect,995.8032,6.9993,0.11987012789445,76,0
Tool,setProperties,209,10,0.239379724943198,76,0
Device,getContext,6.9776,0.9989,0.0133384041771101,76,0
Processes,launch,564,361.0361,5.8043783700824,76,0
Tool,tearDownTool,1129.887,82,1.27891691277311,76,0
