Service , Message , Max , Min , Average , Count , frequency , TimedOut

Stream,setLogBits,1.0001,1.0001,1.0001,2,0
Tool,setupTool,259.0259,5,0.38045964349971,22,0
Tool,getContext,7,1,0.0460088851219074,44,0
Tool,connect,15,8,0.429508592727547,22,0
Tool,setProperties,136.0136,13,1.17758004103811,22,0
Device,getContext,3.0003,1,0.0478415302806177,22,0
Processes,launch,599,543.0543,27.7432543310599,22,0
Tool,tearDownTool,146,83,4.54577687535435,22,0
